Titolo;Descrizione;Prezzo;Prezzo scontato;Descrizione breve;Categoria;Autore;Casa editrice;Editore;Numero pagine;Lunghezza (cm);Larghezza (cm);Altezza (cm);Peso (kg);Codice SKU
Il Regno delle Ombre;Questo libro accompagna il lettore in un viaggio intenso e coinvolgente attraverso terre dimenticate e città sommerse dal mistero. La narrazione segue protagonisti complessi costretti ad affrontare scelte difficili e nemici imprevedibili. Ogni capitolo approfondisce conflitti interiori, relazioni fragili e tensioni crescenti, creando un ritmo costante e immersivo. L’autore costruisce ambientazioni dettagliate e credibili che rendono la lettura dinamica e ricca di emozioni. La trama si sviluppa con colpi di scena ben distribuiti e momenti di forte impatto emotivo. Il romanzo riesce a combinare avventura, introspezione e suspense, offrendo al lettore un’esperienza completa e memorabile fino all’ultima pagina.;24,9;19,9;Un fantasy avvincente ricco di misteri e battaglie.;Fantasy;Luca Ferretti;Aurora Edizioni;Editore Alfa;412;24;16;4,2;0,8;BOOK-1001
Codice Silente;La storia segue un investigatore informatico coinvolto in una rete di segreti governativi e identità nascoste. Attraverso documenti criptati e messaggi enigmatici, il protagonista scopre un complotto capace di cambiare il destino di milioni di persone. La narrazione mantiene alta la tensione grazie a un ritmo serrato e a dialoghi incisivi. Ogni personaggio possiede motivazioni credibili e sfaccettate che contribuiscono ad aumentare il senso di pericolo e imprevedibilità. L’autore intreccia tecnologia, suspense e dinamiche psicologiche con grande attenzione ai dettagli. Il romanzo esplora temi come il controllo delle informazioni, la fiducia e il prezzo della verità, offrendo una lettura intensa e coinvolgente.;21,5;17,2;Un thriller tecnologico pieno di segreti e colpi di scena.;Thriller;Giulia Moretti;Nebula Press;Editore Beta;368;23,5;15,4;3,8;0,7;BOOK-1002
L'Ultima Estate a Venezia;Ambientato tra calli silenziose e palazzi antichi, questo romanzo racconta una storia di amore, nostalgia e seconde possibilità. I protagonisti si incontrano durante un’estate destinata a cambiare le loro vite, affrontando ricordi dolorosi e desideri mai dimenticati. La scrittura è elegante e ricca di dettagli sensoriali che rendono Venezia una presenza viva nella narrazione. Ogni capitolo alterna momenti di dolcezza e tensione emotiva, accompagnando il lettore in un percorso intimo e autentico. La trama affronta il tema del tempo che passa e delle occasioni perdute, mantenendo sempre un forte coinvolgimento emotivo. Un romanzo delicato ma intenso, capace di lasciare un segno duraturo.;18,9;14,9;Una storia romantica intensa ambientata nella magica Venezia.;Romance;Andrea Serra;Luna Rossa;Editore Gamma;294;21,8;14,3;3,1;0,6;BOOK-1003
Le Cronache di Valdor;In un regno dominato da antiche alleanze e guerre senza fine, un giovane guerriero scopre di possedere un potere proibito. La sua ricerca della verità lo porterà ad affrontare creature leggendarie, tradimenti e sacrifici personali. L’autore costruisce un universo narrativo ricco di dettagli storici e politici che rendono la storia credibile e avvincente. I personaggi evolvono costantemente, mostrando debolezze, paure e ambizioni profonde. Il ritmo alterna scene d’azione a momenti di introspezione emotiva, mantenendo sempre alta la tensione narrativa. Il romanzo esplora temi legati al destino, al coraggio e alla responsabilità personale, offrendo un’esperienza epica e coinvolgente.;27,4;22;Un’avventura fantasy epica piena di magia e conflitti.;Storico;Martina Ricci;Edizioni Quercia;Editore Delta;520;25;17,2;5;1,1;BOOK-1004
Oltre il Mare Nero;Questo romanzo segue il viaggio di un equipaggio costretto a navigare verso territori sconosciuti dopo una tempesta devastante. Tra isole misteriose, antiche leggende e pericoli nascosti, i protagonisti affrontano prove fisiche e morali sempre più difficili. La narrazione unisce descrizioni evocative e momenti di forte tensione emotiva, creando un’atmosfera intensa e immersiva. Ogni personaggio contribuisce alla storia con motivazioni personali e segreti inattesi che rendono la trama dinamica e imprevedibile. Il romanzo affronta il tema della sopravvivenza e del desiderio di libertà, mantenendo costante il coinvolgimento del lettore. Una storia avventurosa e profonda che lascia spazio anche alla riflessione personale.;22,8;18,6;Una grande avventura tra oceani sconosciuti e segreti antichi.;Avventura;Davide Conti;Vento del Nord;Editore Epsilon;438;24,6;16,5;4,1;0,9;BOOK-1005
Il Peso del Segreto;La vita del protagonista cambia improvvisamente quando un evento del passato riemerge con conseguenze imprevedibili. Il romanzo esplora le fragilità umane attraverso una narrazione intensa e realistica, fatta di emozioni contrastanti e rapporti complicati. Ogni capitolo approfondisce il conflitto tra verità e protezione personale, creando una tensione costante che accompagna il lettore fino al finale. I personaggi sono costruiti con grande attenzione psicologica e mostrano evoluzioni credibili e coinvolgenti. Lo stile narrativo alterna momenti di forte introspezione a scene emotivamente potenti. Una storia drammatica che riflette sul senso di colpa, sulla memoria e sulla possibilità di redenzione.;19,7;15,4;Un dramma emozionante fatto di segreti e scelte difficili.;Drammatico;Elena Bassi;Pagina Viva;Editore Zeta;356;22,9;15;3,6;0,7;BOOK-1006
La Villa dei Sussurri;Un detective privato viene chiamato a indagare su strani eventi accaduti in una villa isolata da decenni. Tra corridoi oscuri, testimonianze contraddittorie e antichi documenti, emergono dettagli inquietanti che trasformano il caso in qualcosa di molto più pericoloso. La narrazione costruisce gradualmente un’atmosfera di sospetto e mistero, mantenendo alta la curiosità del lettore. I personaggi sono pieni di ambiguità e nascondono segreti che cambiano continuamente il corso degli eventi. Lo stile è scorrevole e ricco di tensione narrativa, con continui colpi di scena ben distribuiti. Un giallo coinvolgente che combina investigazione, suspense e introspezione psicologica.;23,1;18,8;Un giallo pieno di misteri ambientato in una villa inquietante.;Giallo;Riccardo Greco;Atlante Libri;Editore Eta;402;23,8;15,7;4;0,8;BOOK-1007
Neon 2084;In una metropoli dominata da corporazioni tecnologiche e sorveglianza totale, un hacker scopre informazioni in grado di destabilizzare l’intero sistema politico. Il romanzo presenta una società futuristica credibile e dettagliata, dove libertà individuale e controllo digitale entrano continuamente in conflitto. La narrazione alterna inseguimenti adrenalinici, riflessioni filosofiche e momenti di forte tensione emotiva. I protagonisti affrontano dilemmi morali complessi che arricchiscono la profondità della trama. L’autore costruisce un mondo ricco di dettagli tecnologici e sociali, mantenendo sempre alta l’attenzione del lettore. Una storia intensa che riflette sul futuro dell’umanità e sul rapporto tra tecnologia e identità.;28,9;24,3;Una distopia futuristica tra tecnologia e ribellione.;Fantascienza;Luca Ferretti;Aurora Edizioni;Editore Theta;488;24,9;16,9;4,8;1;BOOK-1008
Memorie di un Ribelle;Attraverso ricordi personali e testimonianze intense, questo libro racconta la vita di un uomo che ha scelto di opporsi alle ingiustizie del proprio tempo. La narrazione unisce eventi storici e riflessioni intime, mostrando il peso delle decisioni prese nei momenti più difficili. Lo stile è coinvolgente e autentico, capace di trasmettere emozioni profonde senza perdere il ritmo narrativo. Ogni capitolo approfondisce il rapporto tra ideali, sacrificio e libertà personale. I personaggi secondari contribuiscono ad arricchire il contesto storico e umano della storia. Un’opera intensa che invita il lettore a riflettere sul valore del coraggio e della coerenza.;20,4;16,9;Una biografia intensa fatta di lotte e ideali personali.;Biografico;Giulia Moretti;Nebula Press;Editore Iota;318;22,5;14,8;3,3;0,6;BOOK-1009
La Mente Infranta;Il protagonista, uno psicologo esperto, si trova coinvolto in una serie di casi che mettono in discussione la propria stabilità mentale. Attraverso incontri complessi e dialoghi profondi, il romanzo esplora il funzionamento della mente umana e il peso dei traumi irrisolti. La narrazione alterna suspense e introspezione, mantenendo costante la tensione emotiva. I personaggi sono costruiti con precisione psicologica e mostrano sfaccettature realistiche e credibili. Lo stile dell’autore è diretto ma ricco di dettagli emotivi, capace di coinvolgere il lettore in ogni capitolo. Una storia intensa che riflette sul confine tra lucidità, paura e identità personale.;26,2;21,5;Un thriller psicologico profondo e pieno di tensione.;Psicologico;Andrea Serra;Luna Rossa;Editore Kappa;390;23,4;15,6;3,9;0,8;BOOK-1010
